phase,mouse_0_percent_time_running,mouse_1_percent_time_running
2.0,99.16666666666667,42.5
3.0,100.0,53.333333333333336
4.0,96.66666666666667,86.66666666666667
5.0,90.0,56.666666666666664
6.0,85.71428571428571,17.38095238095238
8.0,56.19047619047619,0.7142857142857143
10.0,56.42857142857143,2.619047619047619
12.0,21.19047619047619,0.23255813953488372
14.0,0.4761904761904762,0.0
16.0,0.2380952380952381,0.0
18.0,0.0,0.0
20.0,80.07246376811594,31.521739130434785
